product_id,name,category,subcategory,brand,price_eur,stock,rating,reviews_count,recipient,occasion,tags,color,material,gift_wrap,shipping_days,description
HL-001,Aurora Table Lamp,Home & Living,Lighting,Nordlys,129.00,14,4.6,212,anyone,housewarming|christmas,lamp|ambient|dimmable|scandinavian,Warm White,"Oak, linen shade",yes,3,"A dimmable oak lamp with a linen shade that throws a soft, low glow. Reads as expensive without shouting about it."
HL-002,Halden Floor Lamp,Home & Living,Lighting,Nordlys,249.00,6,4.4,88,anyone,housewarming,lamp|floor|reading|scandinavian,Black,"Steel, oak",yes,4,"An arc floor lamp that leans over an armchair. Sturdy base, no wobble."
HL-003,Ember Ceramic Candle,Home & Living,Candles,Fold Studio,42.00,63,4.8,431,anyone,thank-you|birthday|christmas,candle|scented|woody|refillable,Terracotta,"Ceramic, soy wax",yes,2,"Cedar, black pepper and a little smoke. Burns for about fifty hours and the vessel is worth keeping."
HL-004,Linen Fig Candle,home & living,Candles,Fold Studio,38.00,0,4.7,289,her,birthday|thank-you,candle|scented|fresh|fig,Off White,"Ceramic, soy wax",yes,2,"Green fig and cut grass. Lighter than the Ember, better for a bedroom."
HL-005,Trio Votive Set,Home & Living,Candles,Fold Studio,54.00,21,4.5,97,anyone,christmas|thank-you,candle|set|scented|small,Mixed,"Glass, soy wax",yes,2,"Three small scents in one box: fig, cedar, sea salt. The safe choice when you don't know what someone likes."
HL-006,"Stoneware Vase, Tall",Home & Living,Vases,Terra Nine,68.00,18,4.3,64,anyone,housewarming|anniversary,vase|handmade|stoneware|tall,Sand,Stoneware,yes,4,"Hand-thrown, so no two are identical. Holds long stems without tipping."
HL-007,"Stoneware Vase, Squat",Home & Living,Vases,Terra Nine,49.00,25,4.3,51,anyone,housewarming,vase|handmade|stoneware|small,Sand,Stoneware,yes,4,"The shorter sibling. Good for supermarket flowers, which is what people actually buy."
HL-008,Bud Vase Cluster,Home & Living,Vases,Terra Nine,36.00,31,,,anyone,housewarming|thank-you,vase|set|small|minimal,Clear,Glass,yes,3,Five small glass vases that group together. One stem each.
HL-009,Alpaca Throw,Home & Living,Textiles,Casa Lenta,185.00,9,4.9,156,anyone,christmas|anniversary,throw|blanket|luxury|warm,Charcoal,Baby alpaca,yes,5,"Genuinely soft, genuinely warm, and light enough to actually use. The kind of thing nobody buys for themselves."
HL-010,Waffle Cotton Throw,Home & Living,Textiles,Casa Lenta,78.00,22,4.4,203,anyone,housewarming|birthday,throw|blanket|cotton|light,Oatmeal,Organic cotton,yes,3,"Washable, unfussy, gets softer with use. The everyday version of the alpaca."
HL-011,Linen Cushion Pair,Home & Living,Textiles,Casa Lenta,64.00,17,4.2,71,anyone,housewarming,cushion|linen|pair|neutral,Clay,Washed linen,yes,3,"Two covers, inserts included. Stonewashed so they look lived-in from day one."
HL-012,"Reed Diffuser, Cedar",Home & Living,Fragrance,Fold Studio,46.00,28,4.1,118,anyone,housewarming|thank-you,diffuser|scented|woody|no-flame,Amber,"Glass, rattan",yes,2,Three months of scent with no flame. Sensible for anyone with cats or small children.
HL-013,Room Spray Duo,Home and Living,Fragrance,Fold Studio,34.00,40,3.9,45,anyone,,spray|scented|set|small,Clear,Glass,yes,2,Great gift.
HL-014,Nordic Wall Clock,Home & Living,Decor,Nordlys,89.00,11,4.5,132,anyone,housewarming,clock|wall|silent|minimal,White,"Beech, aluminium",yes,4,"Silent sweep movement, no ticking. Reads clearly from across a room."
HL-015,Marble Bookends,Home & Living,Decor,Terra Nine,95.00,7,4.6,58,him,graduation|housewarming,bookends|marble|heavy|desk,Green,Marble,yes,5,Heavy enough to hold a shelf of hardbacks. Each pair has different veining.
HL-016,Brass Picture Frame 13x18,Home & Living,Decor,Terra Nine,39.00,44,4.0,89,anyone,anniversary|thank-you,frame|brass|photo|small,Brass,"Brass, glass",yes,3,Ages to a warm patina. Stands or hangs.
HL-017,Woven Storage Basket,Home & Living,Storage,Casa Lenta,58.00,19,4.3,77,anyone,housewarming,basket|storage|woven|natural,Natural,Seagrass,no,4,"Holds blankets, firewood or the toys nobody puts away."
HL-018,"Entry Tray, Walnut",Home & Living,Storage,Fold Studio,44.00,26,4.4,63,him,housewarming|thank-you,tray|wood|desk|entryway,Walnut,Walnut,yes,3,"Keys, wallet, watch. Solves a small daily annoyance."
HL-019,"Ceramic Planter, Medium",Home & Living,Garden,Terra Nine,52.00,23,4.2,94,anyone,housewarming,planter|ceramic|indoor|drainage,Chalk,Ceramic,yes,4,"Drainage hole and matching saucer, which most planters at this price skip."
HL-020,Aurora Hanging Planter,Home & Living,Garden,Terra Nine,47.00,15,4.0,38,anyone,housewarming,planter|hanging|ceramic|indoor,Chalk,"Ceramic, cotton rope",yes,4,"Same glaze as the medium planter, on a cotton rope. Sold without the plant."
HL-021,Herb Garden Kit,Home & Living,Garden,Seedhouse,42.00,34,4.1,167,anyone,birthday|thank-you,kit|herbs|beginner|kitchen,Green,"Terracotta, seed",yes,3,"Basil, thyme and mint with soil discs and instructions that assume you know nothing."
HL-022,Wool Door Mat,Home & Living,Textiles,Casa Lenta,72.00,0,3.8,29,anyone,housewarming,mat|wool|entryway|durable,Grey,"Wool, jute",no,6,Coarse wool that actually takes mud off boots. Not for outdoors in the rain.
HL-023,Terrazzo Coaster Set, Home & Living,Decor,Terra Nine,32.00,52,4.4,111,anyone,housewarming|thank-you,coasters|set|terrazzo|small,Multi,"Terrazzo, cork",yes,3,"Four coasters, cork-backed. Each one has a different chip pattern."
HL-024,Amber Glass Tumbler Set,Home & Living,Decor,Terra Nine,56.00,20,4.5,86,anyone,housewarming|anniversary,glassware|set|amber|six,Amber,Glass,yes,4,"Six tumblers in smoked amber. Dishwasher safe, which the fancier ones never are."
HL-025,"Sheepskin Rug, Small",Home & Living,Textiles,Casa Lenta,120.00,8,4.6,72,anyone,christmas,rug|sheepskin|warm|small,Ivory,Sheepskin,yes,5,"Draped over a chair rather than on the floor, mostly. Ethically sourced, certificate in the box."
HL-026,Oak Serving Ladder,Home & Living,Storage,Fold Studio,110.00,4,,,anyone,housewarming|anniversary,shelf|oak|bathroom|decor,Oak,Solid oak,yes,6,"A leaning ladder for towels or throws. Ships flat, assembles in ten minutes."
HL-027,"Incense Set, Japanese",Home & Living,Fragrance,Fold Studio,28.00,47,4.7,224,anyone,thank-you|birthday,incense|set|calm|japanese,Natural,"Wood, resin",yes,2,"Three boxes, sandalwood to green tea, with a small ceramic holder."
HL-028,Linen Table Runner,Home & Living,Textiles,Casa Lenta,48.00,29,4.0,41,her,christmas|housewarming,table|linen|dining|neutral,Sage,Washed linen,yes,3,Two metres. Creases immediately and is supposed to.
KD-001,Chef's Knife 20cm,Kitchen & Dining,Knives,Kuro,149.00,16,4.8,394,anyone,birthday|christmas|housewarming,knife|chef|japanese|steel,Steel,"VG-10 steel, pakkawood",yes,3,"A proper Japanese gyuto. Holds an edge, feels balanced, and will outlive whoever you give it to."
KD-002,Paring Knife 9cm,Kitchen & Dining,Knives,Kuro,69.00,24,4.6,148,anyone,thank-you|housewarming,knife|paring|small|japanese,Steel,"VG-10 steel, pakkawood",yes,3,The knife people actually reach for most. Pairs with the gyuto.
KD-003,Knife Sharpening Stone,Kitchen & Dining,Knives,Kuro,54.00,18,4.5,96,him,birthday,sharpening|stone|maintenance|accessory,Grey,Ceramic,no,3,1000/3000 grit combination stone with a non-slip base. Comes with a card explaining the angle.
KD-004,Espresso Moka Pot 3-cup,Kitchen & Dining,Coffee,Fumo,46.00,38,4.4,276,anyone,housewarming|thank-you,coffee|moka|stovetop|classic,Silver,Aluminium,yes,2,The Italian classic in the size that fits two mugs. Induction-compatible base.
KD-005,Pour-Over Set,Kitchen & Dining,Coffee,Fumo,78.00,21,4.6,183,him,birthday|christmas,coffee|pourover|glass|filter,Clear,"Borosilicate glass, wood",yes,3,"Carafe, dripper, wooden collar and fifty filters. For the person who has opinions about water temperature."
KD-006,"Burr Coffee Grinder, Manual",Kitchen & Dining,Coffee,Fumo,115.00,12,4.7,241,anyone,christmas|birthday,coffee|grinder|manual|steel,Black,Stainless steel,yes,3,"Stepped adjustment from espresso to French press. Quiet, which the electric ones are not."
KD-007,Cold Brew Carafe,Kitchen & Dining,Coffee,Fumo,52.00,0,4.1,74,anyone,birthday,coffee|coldbrew|summer|glass,Clear,"Glass, steel mesh",yes,3,"One litre overnight in the fridge. Fine mesh, no grit."
KD-008,"Cocktail Kit, Ten-Piece",Kitchen & Dining,Bar,Vesper & Co,129.00,13,4.5,158,him,birthday|christmas|anniversary,cocktail|bar|set|gift,Gunmetal,Stainless steel,yes,4,"Shaker, jigger, strainer, muddler, spoon, tongs, three pourers and a stand. Recipe card for six classics."
KD-009,"Crystal Whisky Glasses, Pair",kitchen & dining,Bar,Vesper & Co,89.00,17,4.7,132,him,anniversary|graduation,glassware|whisky|pair|crystal,Clear,Lead-free crystal,yes,4,"Heavy base, thin rim. Two, so they get used together."
KD-010,Wine Preserver,Kitchen & Dining,Bar,Vesper & Co,64.00,26,3.9,68,anyone,thank-you|housewarming,wine|preserver|vacuum|accessory,Black,"ABS, steel",yes,3,Pumps the air out and keeps an open bottle drinkable for about a week.
KD-011,"Olive Wood Board, Large",Kitchen & Dining,Serving,Fumo,84.00,15,4.6,109,anyone,housewarming|christmas,board|olivewood|serving|cheese,Natural,Olive wood,yes,4,Every board has a different grain. Big enough for a proper cheese course.
KD-012,Slate Cheese Board Set,Kitchen & Dining,Serving,Fumo,62.00,22,4.2,87,anyone,christmas|housewarming,board|slate|cheese|set,Black,"Slate, steel",yes,3,"Slate board, four markers and three knives. You write the cheese names on the slate."
KD-013,Enamel Casserole 24cm,Kitchen & Dining,Cookware,Ferro,189.00,9,4.8,312,anyone,anniversary|christmas,casserole|castiron|enamel|oven,Burgundy,Enamelled cast iron,yes,5,"Cast iron with an enamel coat, oven to table. Heavy, and that is the point."
KD-014,Carbon Steel Pan 26cm,Kitchen & Dining,Cookware,Ferro,76.00,19,4.5,167,him,birthday|housewarming,pan|carbonsteel|searing|seasoned,Black,Carbon steel,yes,4,"Pre-seasoned, gets better every time you use it. Not dishwasher safe and never will be."
KD-015,Pasta Making Kit,Kitchen & Dining,Cookware,Ferro,98.00,11,4.3,93,anyone,birthday|anniversary,pasta|kit|italian|manual,Steel,"Steel, beech",yes,4,"Hand-crank roller, two cutters and a drying rack. A weekend project, not a weeknight one."
KD-016,Bread Baking Set,Kitchen & Dining,Cookware,Ferro,72.00,14,4.4,121,anyone,christmas|housewarming,bread|baking|banneton|starter,Natural,"Rattan, linen, steel",yes,4,"Banneton, lame, scraper and a linen couche. Sourdough starter not included, deliberately."
KD-017,"Ceramic Dinner Set, Four",Kitchen & Dining,Tableware,Terra Nine,168.00,7,4.5,64,couple,anniversary|housewarming,dinnerware|set|ceramic|four,Speckled Grey,Stoneware,yes,6,Sixteen pieces for four people. Chip-resistant and it stacks properly.
KD-018,"Handmade Pasta Bowls, Pair",Kitchen & Dining,Tableware,Terra Nine,74.00,20,4.6,58,couple,anniversary|thank-you,bowl|pair|handmade|pasta,Cream,Stoneware,yes,4,"Wide and shallow, the right shape for pasta and for everything else people put in bowls."
KD-019,Copper Measuring Cups,Kitchen & Dining,Tableware,Ferro,58.00,0,4.0,42,her,thank-you|birthday,measuring|copper|baking|set,Copper,"Copper, steel",yes,3,"Four nested cups. Decorative enough to hang up, accurate enough to use."
KD-020,"Salt & Pepper Mills, Pair",Kitchen & Dining,Tableware,Ferro,92.00,23,4.7,176,anyone,housewarming|christmas,mill|pair|walnut|grinder,Walnut,"Walnut, ceramic",yes,4,"Ceramic grinding mechanism, adjustable from coarse to fine. Lifetime guarantee on the mechanism."
KD-021,Tea Infuser Pot,Kitchen & Dining,Tea,Fumo,68.00,25,4.3,102,her,thank-you|birthday,tea|pot|glass|infuser,Clear,Borosilicate glass,yes,3,"Glass so you can watch the leaves open. Removable steel basket, 800ml."
KD-022,Loose Leaf Tea Flight,Kitchen & Dining,Tea,Fumo,44.00,36,4.2,138,anyone,thank-you|christmas,tea|set|tasting|loose,Mixed,"Tin, tea",yes,2,"Six tins, six origins, tasting notes on each. Enough of each for about ten cups."
KD-023,Amber Glass Tumbler Set,Kitchen & Dining,Serving,Terra Nine,56.00,20,4.5,86,anyone,housewarming|anniversary,glassware|set|amber|six,Amber,Glass,yes,4,"Six tumblers in smoked amber. Dishwasher safe, which the fancier ones never are."
KD-024,Herb Garden Kit,Kitchen & Dining,Serving,Seedhouse,42.00,34,4.1,167,anyone,birthday|thank-you,kit|herbs|beginner|kitchen,Green,"Terracotta, seed",yes,3,"Basil, thyme and mint with soil discs and instructions that assume you know nothing."
TG-001,Wireless Headphones ANC,Tech & Gadgets,Audio,Sonder,279.00,18,4.7,842,anyone,birthday|christmas|graduation,headphones|anc|wireless|travel,Midnight,"Aluminium, protein leather",yes,2,"Thirty hours with noise cancelling on. The case is slim enough for a laptop bag, which most cases are not."
TG-002,Wireless Earbuds Pro,Tech & Gadgets,Audio,Sonder,189.00,32,4.5,1204,anyone,birthday|graduation,earbuds|anc|wireless|compact,White,"Plastic, silicone",yes,2,"Four ear tip sizes in the box. Good ANC for the size, and they survive a run in the rain."
TG-003,Open-Ear Sport Buds,Tech & Gadgets,Audio,Sonder,129.00,21,4.1,317,him,birthday,earbuds|sport|openear|running,Slate,"Silicone, titanium",yes,2,"They sit outside the ear canal so you still hear traffic. For running, not for flying."
TG-004,"Portable Speaker, Waterproof",Tech & Gadgets,Audio,Sonder,99.00,44,4.4,676,anyone,birthday|thank-you,speaker|bluetooth|waterproof|portable,Forest,"Recycled plastic, fabric",yes,2,"IP67, floats, twelve hours. Loud enough for a kitchen or a small garden."
TG-005,"Turntable, Belt Drive",Tech & Gadgets,Audio,Sonder,349.00,6,4.6,198,him,anniversary|christmas,turntable|vinyl|audio|analogue,Walnut,"MDF, aluminium",yes,5,Built-in preamp so it plugs into anything. Comes with a decent cartridge already fitted.
TG-006,E-Reader 7in Glare-Free,Tech & Gadgets,Reading,Papyr,199.00,27,4.8,923,anyone,birthday|christmas|graduation,ereader|reading|waterproof|backlit,Black,"Plastic, glass",yes,2,"Warm and cool front light, waterproof, weeks of battery. The screen genuinely reads like paper."
TG-007,"E-Reader Case, Fabric",Tech & Gadgets,Reading,Papyr,39.00,58,4.2,241,anyone,thank-you,case|ereader|accessory|fabric,Charcoal,Recycled fabric,yes,2,"Magnetic, wakes and sleeps the device. Fits the 7in only."
TG-008,Digital Photo Frame 10in,Tech & Gadgets,Home Tech,Lumen,169.00,15,4.3,384,anyone,christmas|anniversary,frame|photo|wifi|family,Oak,"Wood, glass",yes,3,"Relatives send photos to it from their phones. Set-up takes five minutes, which matters for the recipient."
TG-009,"Smart Plug, Pack of Four",Tech & Gadgets,Home Tech,Lumen,54.00,63,4.1,527,anyone,housewarming,smartplug|home|wifi|automation,White,Plastic,no,2,"Schedules and voice control. No hub needed, which is the whole reason to buy these."
TG-010,Sunrise Alarm Clock,Tech & Gadgets,Home Tech,Lumen,89.00,29,4.5,412,anyone,birthday|christmas,alarm|light|sleep|wakeup,White,"Plastic, fabric",yes,3,Brightens over thirty minutes before the alarm. Works properly in a room with blackout blinds.
TG-011,Air Quality Monitor,Tech & Gadgets,Home Tech,Lumen,139.00,12,4.0,96,anyone,housewarming,sensor|air|health|home,Grey,"Plastic, glass",yes,3,"CO2, particulates, humidity, temperature. Useful in a flat, revealing in an office."
TG-012,"Mechanical Keyboard, 65%",Tech & Gadgets,Desk,Kaskade,159.00,17,4.6,458,him,birthday|graduation,keyboard|mechanical|compact|hotswap,Grey,"Aluminium, PBT",yes,3,Hot-swap sockets so switches change without soldering. Ships with tactile browns.
TG-013,Switch Sampler Pack,Tech & Gadgets,Desk,Kaskade,24.00,71,4.3,127,him,thank-you,keyboard|switches|accessory|small,Mixed,Plastic,no,2,"Nine switches to try before committing to ninety. A good add-on, a thin gift on its own."
TG-014,"Vertical Mouse, Wireless",Tech & Gadgets,Desk,Kaskade,79.00,33,4.2,289,anyone,thank-you|birthday,mouse|ergonomic|wireless|desk,Black,Plastic,yes,2,Holds the wrist at fifty-seven degrees. Takes about a week to stop feeling strange.
TG-015,Monitor Light Bar,Tech and Gadgets,Desk,Lumen,96.00,24,4.5,331,anyone,birthday|graduation,light|desk|monitor|glarefree,Black,Aluminium,yes,3,"Clips to the top of a screen and lights the desk, not the screen. No reflections."
TG-016,"Laptop Stand, Folding",Tech & Gadgets,Desk,Kaskade,64.00,41,4.4,214,anyone,graduation|thank-you,stand|laptop|portable|aluminium,Silver,Aluminium,yes,2,Folds flat to the size of a paperback. Six height positions.
TG-017,Power Bank 20000mAh,Tech & Gadgets,Mobile,Sonder,69.00,55,4.3,738,anyone,thank-you|graduation,powerbank|usbc|travel|fastcharge,Black,Aluminium,yes,2,"100W out, so it charges a laptop, not just a phone. Airline-legal capacity."
TG-018,Magnetic Wallet Stand,Tech & Gadgets,Mobile,Sonder,45.00,48,3.8,164,him,thank-you,wallet|magsafe|card|compact,Tan,Leather,yes,2,"Three cards, folds into a stand. Weak magnets on cases thicker than 2mm."
TG-019,Instant Camera,Tech & Gadgets,Photo,Lumen,119.00,26,4.4,556,her,birthday|graduation,camera|instant|film|fun,Mint,Plastic,yes,3,"Prints in ninety seconds. Ten shots of film in the box, then it gets expensive."
TG-020,Film Twin Pack,Tech & Gadgets,Photo,Lumen,22.00,84,4.1,203,anyone,,film|accessory|instant|refill,White,Film,no,2,Twenty shots for the instant camera.
TG-021,"Drawing Tablet, Small",Tech & Gadgets,Creative,Kaskade,149.00,10,4.5,187,anyone,birthday|graduation,tablet|drawing|stylus|creative,Black,Plastic,yes,3,"Battery-free pen, 8192 pressure levels. Works with the free software everyone actually uses."
TG-022,"Handheld Game Console, Retro",Tech & Gadgets,Creative,Kaskade,189.00,0,4.6,394,him,christmas|birthday,console|retro|handheld|games,Grey,Plastic,yes,4,"Plays cartridges and emulates the rest. Excellent d-pad, which is the whole thing."
TG-023,Noise Machine,Tech & Gadgets,Home Tech,Lumen,58.00,37,4.2,268,anyone,thank-you|housewarming,sleep|sound|white-noise|small,Cream,"Fabric, plastic",yes,2,"Real fan-based noise rather than a looped recording. No app, no lights, no subscription."
TG-024,"Smart Ring, Sleep Tracking",Tech & Gadgets,Wearable,Sonder,329.00,8,3.9,142,anyone,birthday|anniversary,ring|sleep|health|wearable,Silver,Titanium,yes,4,"Sizing kit ships first, then the ring. Subscription required after the first year - worth saying out loud."
TG-025,"Bookshelf Speakers, Pair",Tech & Gadgets,Audio,Sonder,899.00,2,4.9,76,him,anniversary|christmas,speakers|hifi|passive|pair,Walnut,"Walnut veneer, aluminium",yes,7,"Passive, so they need an amplifier the recipient may not own. The best-sounding thing in the catalogue and the easiest to get wrong as a gift."
BW-001,Silk Pillowcase Pair,Beauty & Wellness,Sleep,Aurelia,119.00,23,4.7,486,her,birthday|anniversary|christmas,silk|sleep|hair|pair,Pearl,22 momme silk,yes,3,"Two cases, machine washable on cold. Gentler on hair than cotton, which is the actual reason people love them."
BW-002,Weighted Eye Mask,Beauty & Wellness,Sleep,Aurelia,42.00,46,4.5,312,her,thank-you|birthday,sleep|mask|weighted|relax,Charcoal,"Silk, glass beads",yes,2,Warms in the microwave or chills in the freezer. Heavy enough to feel like something.
BW-003,Skincare Discovery Set,Beauty & Wellness,Skincare,Aurelia,78.00,31,4.4,398,her,birthday|christmas,skincare|set|travel|discovery,Mixed,Glass,yes,3,Five travel sizes of the full range. The sensible way to gift skincare without guessing.
BW-004,Vitamin C Serum 30ml,Beauty & Wellness,Skincare,Aurelia,64.00,29,4.6,721,her,thank-you,serum|vitaminc|brightening|skincare,Amber,Glass,yes,2,15% L-ascorbic acid in an opaque pump. Six months once opened.
BW-005,Hand Cream Trio,Beauty & Wellness,Skincare,Aurelia,36.00,67,4.3,254,anyone,thank-you|christmas,handcream|set|small|scented,Mixed,Aluminium tube,yes,2,"Three scents, handbag size. The default thank-you gift for a reason."
BW-006,Beard Care Kit,Beauty & Wellness,Grooming,Bramble,68.00,19,4.2,176,him,birthday|christmas,beard|kit|grooming|oil,Amber,"Glass, wood",yes,3,"Oil, balm, comb and scissors in a tin. Cedar and bergamot, not the usual sweet stuff."
BW-007,Safety Razor Set,Beauty & Wellness,Grooming,Bramble,89.00,14,4.6,231,him,birthday|graduation,razor|shaving|steel|sustainable,Chrome,"Brass, steel",yes,3,"Razor, stand, brush and twenty blades. Cheaper than cartridges within four months."
BW-008,Shaving Soap & Bowl,Beauty & Wellness,Grooming,Bramble,44.00,26,4.4,118,him,thank-you,shaving|soap|bowl|traditional,Cream,"Ceramic, soap",yes,3,"Sandalwood, lasts about six months of daily use. Refills sold separately."
BW-009,"Eau de Parfum, Fig & Cedar",Beauty & Wellness,Fragrance,Aurelia,145.00,12,4.5,203,anyone,anniversary|birthday,perfume|unisex|woody|50ml,Clear,Glass,yes,3,"Fifty millilitres, unisex, dries down warm. Risky as a gift unless you know the person's taste."
BW-010,Fragrance Discovery Vials,Beauty & Wellness,Fragrance,Aurelia,48.00,52,4.1,167,anyone,thank-you|birthday,perfume|set|sample|discovery,Mixed,Glass,yes,2,Six 2ml vials with a voucher towards a full bottle. The answer to the risk above.
BW-011,"Massage Gun, Compact",Beauty & Wellness,Recovery,Bramble,159.00,16,4.3,442,him,birthday|christmas,massage|recovery|sport|percussive,Black,"Aluminium, silicone",yes,3,"Four heads, five speeds, quiet enough to use in front of the television."
BW-012,Acupressure Mat Set,Beauty & Wellness,Recovery,Bramble,72.00,0,4.0,289,anyone,birthday,mat|acupressure|back|relax,Indigo,"Cotton, foam",yes,4,Mat and pillow with a carry bag. The first three minutes are unpleasant and then they are not.
BW-013,"Foam Roller, Textured",Beauty & Wellness,Recovery,Bramble,46.00,38,4.2,196,him,thank-you,roller|recovery|sport|foam,Charcoal,EVA foam,no,3,"Firm density, textured surface. Not for beginners, who should get the smooth one."
BW-014,Bath Soak Collection,Beauty & Wellness,Bath,Aurelia,54.00,41,4.5,214,her,birthday|thank-you|christmas,bath|salts|set|relax,Mixed,Glass jar,yes,2,"Four jars: magnesium, rose, eucalyptus, seaweed. Wooden scoop in the box."
BW-015,Turkish Bath Towel Set,Beauty & Wellness,Bath,Casa Lenta,86.00,20,4.4,141,couple,housewarming|anniversary,towel|set|cotton|turkish,Sand,Turkish cotton,yes,4,"Two bath, two hand. Thin, fast-drying, and they get softer for about a year."
BW-016,Sauna Blanket,Beauty & Wellness,Recovery,Bramble,399.00,3,3.7,58,anyone,anniversary|christmas,sauna|infrared|recovery|luxury,Grey,"PU leather, ceramic",yes,7,"Infrared, folds into a cupboard. Big, expensive, and only right for someone who has mentioned wanting one."
BW-017,"Yoga Mat, Cork",Beauty & Wellness,Fitness,Bramble,98.00,24,4.6,187,her,birthday|thank-you,yoga|mat|cork|grip,Natural,"Cork, rubber",yes,4,"Grip improves as your hands get damp, which is the opposite of foam mats."
BW-018,Resistance Band Set,Beauty & Wellness,Fitness,Bramble,38.00,59,4.1,326,anyone,thank-you|graduation,fitness|bands|home|travel,Mixed,"Latex, fabric",no,2,"Five resistances, fabric not rubber, so they do not roll up on the thighs."
BS-001,"Fountain Pen, Medium Nib",Books & Stationery,Pens,Marginalia,129.00,15,4.7,264,anyone,graduation|anniversary,pen|fountain|writing|gift,Navy,"Resin, steel nib",yes,3,"Converter and two cartridges included. Writes wet, which suits most paper and not thin notebooks."
BS-002,Rollerball Pen,Books & Stationery,Pens,Marginalia,64.00,32,4.4,148,him,graduation|thank-you,pen|rollerball|writing|desk,Graphite,Brass,yes,3,"Heavier than it looks. Takes standard refills, so it will never be orphaned."
BS-003,"Ink Sampler, Six Bottles",Books & Stationery,Pens,Marginalia,42.00,27,4.5,96,anyone,thank-you,ink|set|fountain|colour,Multi,Glass,yes,3,"Six 10ml bottles, from a blue-black to an unreasonable orange."
BS-004,"Hardcover Notebook A5, Dotted",Books & Stationery,Paper,Marginalia,28.00,88,4.6,512,anyone,thank-you|graduation,notebook|dotted|a5|hardcover,Forest,"Cloth, 100gsm paper",yes,2,"Lies flat, 100gsm so fountain pen does not bleed. 192 pages."
BS-005,Notebook Trio A6,Books & Stationery,Paper,Marginalia,24.00,74,4.3,203,anyone,thank-you,notebook|set|pocket|small,Mixed,"Card, 90gsm paper",yes,2,Three pocket notebooks that survive a back pocket for a month.
BS-006,Leather Journal Cover A5,books & stationery,Paper,Marginalia,95.00,11,4.5,87,him,anniversary|graduation,journal|leather|cover|refillable,Tan,Full-grain leather,yes,4,"Refillable, so the same cover carries twenty notebooks. Can be blind-embossed with initials."
BS-007,Desk Diary 2027,Books & Stationery,Paper,Marginalia,46.00,0,4.2,64,anyone,christmas,diary|planner|dated|desk,Burgundy,"Cloth, paper",yes,3,"Week to view with a ribbon and a pocket. Dated, so it is a December gift or nothing."
BS-008,Undated Weekly Planner,Books & Stationery,Paper,Marginalia,38.00,43,4.4,129,her,birthday|thank-you,planner|undated|weekly|flexible,Blush,"Card, paper",yes,2,"Fifty-two undated weeks, so it survives being started in March."
BS-009,The Art of Slow Cooking,Books & Stationery,Books,Vellum,42.00,29,4.6,178,anyone,christmas|housewarming,book|cookbook|hardcover|recipes,Multi,Paper,yes,3,Ninety recipes that assume six hours and no supervision. Photography is unusually good.
BS-010,Atlas of Remote Islands,Books & Stationery,Books,Vellum,36.00,22,4.8,341,anyone,birthday|thank-you,book|atlas|illustrated|travel,Blue,Paper,yes,3,"Fifty islands the author has never visited, one map and one story each. Reliably delightful."
BS-011,"Boxed Classics, Set of Six",Books & Stationery,Books,Vellum,89.00,13,4.5,112,anyone,graduation|christmas,book|set|classics|boxed,Cream,"Cloth, paper",yes,4,"Cloth-bound, foil-stamped, in a slipcase. Bought for the shelf as much as the reading."
BS-012,"Poetry Anthology, Pocket",Books & Stationery,Books,Vellum,22.00,51,4.3,89,her,thank-you,book|poetry|pocket|small,Green,Paper,yes,2,Two hundred short poems in a book that fits a coat pocket.
BS-013,Calligraphy Starter Kit,Books & Stationery,Craft,Marginalia,58.00,18,4.1,74,her,birthday|graduation,calligraphy|kit|beginner|craft,Black,"Wood, steel, ink",yes,3,"Holder, five nibs, ink and a practice pad with guidelines. Instructions are clear."
BS-014,Bookbinding Kit,Books & Stationery,Craft,Marginalia,76.00,9,,,anyone,birthday,bookbinding|kit|craft|beginner,Natural,"Linen thread, board, paper",yes,4,"Makes three sewn notebooks. A slow, satisfying afternoon."
BS-015,"Letterpress Card, Single",Books & Stationery,Paper,Marginalia,6.50,240,3.6,31,anyone,,card|letterpress|small|addon,Cream,Cotton paper,no,2,A card.
BS-016,"Letterpress Card Box, Ten",Books & Stationery,Paper,Marginalia,42.00,36,4.2,58,anyone,thank-you|christmas,cards|set|letterpress|blank,Mixed,Cotton paper,yes,2,"Ten blank cards with envelopes, cotton paper, properly pressed so the type has a dent in it."
GP-001,"Strategy Board Game, Trade Routes",Games & Puzzles,Board Games,Meridian,64.00,26,4.7,588,anyone,christmas|birthday,boardgame|strategy|2-4players|60min,Multi,"Card, wood",yes,3,"Sixty to ninety minutes, two to four players. Teaches in ten minutes and stays interesting for fifty games."
GP-002,"Cooperative Game, Deep Water",Games & Puzzles,Board Games,Meridian,52.00,31,4.5,342,anyone,christmas|thank-you,boardgame|cooperative|1-4players|45min,Blue,"Card, plastic",yes,3,Everyone against the board. Good for households where competition ends badly.
GP-003,Two-Player Card Game,Games & Puzzles,Board Games,Meridian,26.00,58,4.6,417,couple,anniversary|thank-you,cardgame|2players|travel|20min,Red,Card,yes,2,"Twenty minutes, fits in a jacket. The one to pack for a holiday."
GP-004,"Party Game, Eighty Prompts",Games & Puzzles,Board Games,Meridian,34.00,44,3.9,229,anyone,birthday|christmas,partygame|4-10players|casual|quick,Yellow,Card,yes,2,"Loud, quick, needs at least four people and one extrovert."
GP-005,"Wooden Puzzle 500pc, Coastline",Games & Puzzles,Puzzles,Meridian,78.00,12,4.8,163,anyone,christmas|birthday,puzzle|wooden|500pc|lasercut,Multi,Birch ply,yes,4,Laser-cut birch with whimsy pieces shaped like boats and birds. Genuinely hard.
GP-006,"Jigsaw 1000pc, Botanical",Games & Puzzles,Puzzles,Meridian,32.00,49,4.4,276,her,christmas|thank-you,puzzle|1000pc|botanical|cardboard,Green,Card,yes,2,Matte finish so no glare under a lamp. Poster included for reference.
GP-007,"Jigsaw 1000pc, City Map",Games & Puzzles,Puzzles,Meridian,32.00,0,4.2,194,him,christmas,puzzle|1000pc|map|cardboard,Grey,Card,yes,2,A lot of very similar grey pieces. For someone who finds the botanical one too easy.
GP-008,"Metal Puzzle Set, Six",Games & Puzzles,Puzzles,Meridian,38.00,37,4.0,151,anyone,thank-you|birthday,puzzle|metal|logic|small,Silver,Steel,yes,2,"Disentanglement puzzles, graded easy to infuriating. Solutions in a sealed envelope."
GP-009,"Chess Set, Weighted",Games & Puzzles,Classic Games,Meridian,145.00,8,4.7,124,him,anniversary|graduation,chess|weighted|walnut|classic,Walnut,"Walnut, maple",yes,5,"Tournament-size board, weighted felted pieces. Folds to store the pieces inside."
GP-010,Backgammon Roll-Up,Games & Puzzles,Classic Games,Meridian,89.00,14,4.4,68,him,birthday|anniversary,backgammon|travel|leather|classic,Tan,"Leather, wood",yes,4,Rolls into a tube with a strap. Pieces and dice live in a pocket.
GP-011,"Dominoes, Boxed",Games & Puzzles,Classic Games,Meridian,56.00,21,4.3,52,anyone,christmas|thank-you,dominoes|boxed|classic|family,Ivory,"Resin, walnut box",yes,3,Double-nine set with a satisfying clack. The box is the good part.
GP-012,Escape Room in a Box,Games & Puzzles,Board Games,Meridian,44.00,33,4.1,208,couple,birthday|anniversary,escaperoom|1-6players|puzzle|90min,Black,"Card, paper",yes,2,"Ninety minutes, one use only, and it is worth it. Do not peek in the envelopes."
OT-001,Insulated Bottle 750ml,Outdoor & Travel,Drinkware,Wayfare,42.00,72,4.6,834,anyone,thank-you|graduation,bottle|insulated|steel|750ml,Sage,Stainless steel,yes,2,"Twenty-four hours cold, twelve hot. The lid does not leak in a bag, which is not true of most."
OT-002,"Travel Mug, Leakproof",Outdoor & Travel,Drinkware,Wayfare,38.00,64,4.4,512,anyone,thank-you,mug|travel|insulated|commute,Black,Stainless steel,yes,2,"One-handed open, fits under a coffee machine, survives being dropped."
OT-003,Vacuum Food Flask,Outdoor & Travel,Drinkware,Wayfare,46.00,28,4.3,197,anyone,thank-you|christmas,flask|food|insulated|lunch,Slate,Stainless steel,yes,3,Soup stays hot to lunchtime. Wide enough to eat from directly.
OT-004,Weekender Bag,Outdoor & Travel,Bags,Wayfare,189.00,11,4.7,243,him,birthday|anniversary|graduation,bag|weekender|leather|travel,Brown,"Waxed canvas, leather",yes,4,"Fits two days including shoes. Waxed canvas, so rain beads off and it ages well."
OT-005,Packing Cube Set,Outdoor & Travel,Bags,Wayfare,52.00,47,4.5,368,anyone,thank-you|graduation,packing|cubes|travel|organiser,Navy,Recycled nylon,yes,2,"Four sizes, mesh tops. Converts chaotic packers into slightly less chaotic ones."
OT-006,"Daypack 20L, Roll-Top",Outdoor & Travel,Bags,Wayfare,119.00,19,4.4,286,anyone,birthday|graduation,backpack|rolltop|20l|commute,Olive,Recycled nylon,yes,3,"Padded laptop sleeve, waterproof fabric, no branding. Commutes and hikes equally."
OT-007,"Picnic Blanket, Waterproof",Outdoor & Travel,Outdoor,Wayfare,74.00,23,4.2,154,couple,anniversary|thank-you,blanket|picnic|waterproof|outdoor,Check,"Wool blend, PU backing",yes,3,Two metres square with a waterproof backing and a carry strap.
OT-008,Camping Hammock,Outdoor & Travel,Outdoor,Wayfare,68.00,0,4.5,221,him,birthday,hammock|camping|portable|outdoor,Teal,Ripstop nylon,yes,3,"Straps included, packs to the size of a grapefruit, holds 150kg."
OT-009,"Head Torch, Rechargeable",Outdoor & Travel,Outdoor,Wayfare,54.00,41,4.3,312,him,thank-you|christmas,torch|headlamp|rechargeable|outdoor,Black,"Plastic, silicone",no,2,"400 lumens, red night mode, USB-C. The red mode is the bit people end up using."
OT-010,Enamel Camp Mug Pair,Outdoor & Travel,Drinkware,Wayfare,32.00,55,4.1,178,couple,thank-you|housewarming,mug|enamel|camping|pair,Cream,Enamelled steel,yes,2,Two mugs that will chip and look better for it.
JW-001,Gold Vermeil Chain Necklace,Jewellery,Necklaces,Lune,165.00,16,4.6,289,her,anniversary|birthday|christmas,necklace|gold|vermeil|everyday,Gold,Gold vermeil on silver,yes,4,"Forty-five centimetres, thick enough not to tangle. Vermeil, so it will not turn skin green."
JW-002,Pearl Pendant,Jewellery,Necklaces,Lune,128.00,12,4.4,134,her,anniversary|graduation,necklace|pearl|pendant|classic,Pearl,"Freshwater pearl, silver",yes,4,"A single baroque pearl, so each one is a slightly different shape."
JW-003,"Huggie Earrings, Pair",Jewellery,Earrings,Lune,89.00,24,4.5,217,her,birthday|thank-you,earrings|gold|huggie|small,Gold,Gold vermeil,yes,3,Small enough to sleep in. Hinged clasp that does not come loose.
JW-004,"Stud Set, Three Pairs",Jewellery,Earrings,Lune,112.00,18,4.3,96,her,birthday|christmas,earrings|set|studs|gold,Gold,"Gold vermeil, zirconia",yes,3,"Plain, pearl and stone. Covers most outfits and most moods."
JW-005,"Signet Ring, Engravable",Jewellery,Rings,Lune,195.00,7,4.7,88,him,anniversary|graduation,ring|signet|silver|engraving,Silver,Sterling silver,yes,7,Hand-engraved with up to three initials. Add a week for the engraving.
JW-006,"Stacking Rings, Set of Three",Jewellery,Rings,Lune,96.00,21,4.2,143,her,birthday|thank-you,rings|set|stacking|thin,Gold,Gold vermeil,yes,4,Sized as a set. Worn together or spread across fingers.
JW-007,Leather Watch Strap 20mm,Jewellery,Watches,Lune,68.00,29,4.1,112,him,thank-you|birthday,strap|watch|leather|20mm,Brown,Full-grain leather,yes,3,"Quick-release pins, so it changes without tools. Check the lug width first."
JW-008,"Bracelet, Woven Cord",Jewellery,Bracelets,Lune,54.00,0,3.8,67,anyone,thank-you,bracelet|cord|adjustable|unisex,Indigo,"Cord, silver",yes,3,"Adjustable slide, unisex, survives showers."
KI-001,"Wooden Building Blocks, 60pc",Kids,Toys,Bramblewood,78.00,22,4.7,264,kids,birthday|christmas,blocks|wooden|toddler|building,Multi,"Beech, water-based paint",yes,3,"Sixty pieces in a cotton bag. Ages three and up, though adults build with them too."
KI-002,Balance Board,Kids,Toys,Bramblewood,96.00,14,4.5,187,kids,birthday|christmas,balance|wooden|active|montessori,Natural,"Birch ply, felt",yes,4,"Rocker, bridge, slide, den roof. The most-used toy in most houses that own one."
KI-003,Illustrated Story Collection,Kids,Books,Vellum,34.00,38,4.6,213,kids,birthday|christmas,book|stories|illustrated|bedtime,Multi,Paper,yes,2,"Twelve stories, one per bedtime. Illustrated by hand, not generated."
KI-004,Junior Science Kit,Kids,Toys,Bramblewood,62.00,19,4.2,158,kids,birthday,science|kit|experiments|stem,Multi,"Plastic, glass",yes,3,Twenty experiments with things you already have at home. Adult supervision for four of them.
KI-005,Kids' Art Supply Case,Kids,Craft,Bramblewood,48.00,31,4.4,126,kids,birthday|christmas,art|kit|crayons|case,Multi,"Wood, wax, paper",yes,3,"Crayons, pencils, pastels and paper in a case that closes properly."
KI-006,"Night Light, Rechargeable",Kids,Toys,Lumen,42.00,26,4.3,241,kids,birthday|thank-you,nightlight|portable|dimmable|soft,White,Silicone,yes,2,"Silicone, warm and dimmable, safe to carry to the bathroom. Charges on a base."
PT-001,"Dog Bed, Orthopaedic",Pets,Dogs,Bramblewood,149.00,11,4.5,178,anyone,christmas|birthday,dogbed|memoryfoam|washable|large,Grey,"Memory foam, canvas",yes,5,"Removable washable cover, memory foam base. Large size fits a labrador."
PT-002,Rope Toy Bundle,Pets,Dogs,Bramblewood,28.00,53,4.1,264,anyone,thank-you,dogtoy|rope|durable|set,Multi,Cotton rope,no,2,Four toys. Two will survive the month.
PT-003,"Cat Tree, Compact",Pets,Cats,Bramblewood,119.00,0,4.0,96,anyone,christmas,cattree|scratching|compact|sisal,Beige,"Plywood, sisal, plush",yes,6,"Fits a corner rather than dominating a room. Sisal posts, two platforms."
EX-001,"Gift Card, 50 EUR",Experiences,Gift Cards,indigo Gift Shop,50.00,999,,,anyone,birthday|christmas|thank-you|graduation|anniversary|housewarming,giftcard|flexible|digital|instant,,,no,0,"Digital, delivered by email, no expiry. The honest answer when you do not know the person."
EX-002,"Gift Card, 100 EUR",Experiences,Gift Cards,indigo Gift Shop,100.00,999,,,anyone,birthday|christmas|anniversary,giftcard|flexible|digital|instant,,,no,0,"Digital, delivered by email, no expiry."
